{"stats":{"minecraft:used":{"minecraft:wooden_axe":54,"minecraft:wooden_sword":16,"minecraft:apple":1,"minecraft:cobblestone":2,"minecraft:crafting_table":1,"minecraft:wooden_pickaxe":26},"minecraft:picked_up":{"minecraft:wooden_axe":1,"minecraft:birch_log":39,"minecraft:wooden_sword":2,"minecraft:stick":17,"minecraft:apple":2,"minecraft:dandelion":2,"minecraft:birch_planks":36,"minecraft:oak_log":72,"minecraft:poppy":2,"minecraft:oak_sapling":23,"minecraft:coal":7,"minecraft:birch_sapling":2,"minecraft:cobblestone":19},"minecraft:broken":{"minecraft:wooden_axe":1},"minecraft:mined":{"minecraft:poppy":1,"minecraft:oak_log":38,"minecraft:birch_log":17,"minecraft:stone":19,"minecraft:birch_leaves":2,"minecraft:coal_ore":7},"minecraft:killed_by":{"minecraft:player":2},"minecraft:custom":{"minecraft:time_since_rest":2202,"minecraft:deaths":2,"minecraft:play_time":10134,"minecraft:sprint_one_cm":12934,"minecraft:damage_taken":598,"minecraft:walk_one_cm":54203,"minecraft:jump":78,"minecraft:damage_dealt":753,"minecraft:leave_game":1,"minecraft:time_since_death":2171,"minecraft:total_world_time":10134,"minecraft:interact_with_crafting_table":5,"minecraft:fall_one_cm":766,"minecraft:fly_one_cm":3017,"minecraft:player_kills":4},"minecraft:crafted":{"minecraft:wooden_sword":1,"minecraft:birch_planks":24,"minecraft:crafting_table":1,"minecraft:stick":8,"minecraft:wooden_pickaxe":1,"minecraft:wooden_axe":1}},"DataVersion":3953}