{"stats":{"minecraft:used":{"minecraft:wooden_axe":43,"minecraft:crafting_table":1},"minecraft:picked_up":{"minecraft:birch_log":17,"minecraft:stick":2,"minecraft:apple":1,"minecraft:oak_log":30,"minecraft:oak_sapling":1,"minecraft:birch_sapling":1},"minecraft:mined":{"minecraft:oak_log":30,"minecraft:birch_log":17,"minecraft:birch_leaves":2},"minecraft:custom":{"minecraft:time_since_rest":3906,"minecraft:play_time":3906,"minecraft:sprint_one_cm":5765,"minecraft:damage_taken":10,"minecraft:walk_one_cm":13153,"minecraft:jump":17,"minecraft:damage_dealt":118,"minecraft:time_since_death":3906,"minecraft:total_world_time":3906,"minecraft:interact_with_crafting_table":2,"minecraft:fly_one_cm":444,"minecraft:player_kills":1},"minecraft:crafted":{"minecraft:birch_planks":24,"minecraft:crafting_table":1,"minecraft:stick":4,"minecraft:wooden_axe":1}},"DataVersion":3953}