{"stats":{"minecraft:picked_up":{"minecraft:porkchop":2,"minecraft:oak_log":12,"minecraft:oak_planks":17,"minecraft:dirt":13,"minecraft:cobblestone":28},"minecraft:used":{"minecraft:stone_axe":11,"minecraft:dirt":1,"minecraft:crafting_table":1,"minecraft:stone_pickaxe":24,"minecraft:wooden_pickaxe":5},"minecraft:mined":{"minecraft:grass_block":3,"minecraft:oak_log":13,"minecraft:dirt":10,"minecraft:stone":28,"minecraft:oak_leaves":2},"minecraft:custom":{"minecraft:time_since_rest":3537,"minecraft:crouch_one_cm":19,"minecraft:play_time":3537,"minecraft:sprint_one_cm":4702,"minecraft:damage_taken":20,"minecraft:walk_one_cm":8869,"minecraft:sneak_time":243,"minecraft:mob_kills":1,"minecraft:jump":31,"minecraft:damage_dealt":235,"minecraft:time_since_death":3537,"minecraft:total_world_time":3537,"minecraft:interact_with_crafting_table":5,"minecraft:fall_one_cm":822,"minecraft:fly_one_cm":2589},"minecraft:killed":{"minecraft:pig":1},"minecraft:crafted":{"minecraft:stone_sword":1,"minecraft:oak_planks":20,"minecraft:stone_axe":1,"minecraft:crafting_table":1,"minecraft:stick":8,"minecraft:stone_pickaxe":1,"minecraft:wooden_pickaxe":1}},"DataVersion":3953}