{"stats":{"minecraft:used":{"minecraft:stone_sword":3,"minecraft:stone_pickaxe":25,"minecraft:wooden_pickaxe":5,"minecraft:stone_axe":63,"minecraft:dirt":1,"minecraft:crafting_table":2,"minecraft:furnace":2,"minecraft:cooked_porkchop":1},"minecraft:picked_up":{"minecraft:stick":3,"minecraft:crafting_table":1,"minecraft:leather":6,"minecraft:porkchop":11,"minecraft:oak_log":46,"minecraft:dirt":14,"minecraft:apple":1,"minecraft:beef":13,"minecraft:oak_sapling":7,"minecraft:oak_planks":17,"minecraft:cobblestone":28,"minecraft:furnace":1},"minecraft:mined":{"minecraft:furnace":1,"minecraft:crafting_table":1,"minecraft:short_grass":2,"minecraft:grass_block":4,"minecraft:oak_log":46,"minecraft:dirt":10,"minecraft:stone":28,"minecraft:oak_leaves":3},"minecraft:custom":{"minecraft:time_since_rest":9765,"minecraft:interact_with_furnace":8,"minecraft:sprint_one_cm":37664,"minecraft:damage_taken":40,"minecraft:walk_one_cm":28021,"minecraft:mob_kills":13,"minecraft:damage_dealt":1729,"minecraft:interact_with_crafting_table":7,"minecraft:fly_one_cm":26910,"minecraft:player_kills":1,"minecraft:crouch_one_cm":37,"minecraft:play_time":9765,"minecraft:sneak_time":341,"minecraft:jump":178,"minecraft:leave_game":1,"minecraft:time_since_death":9765,"minecraft:walk_on_water_one_cm":356,"minecraft:total_world_time":9765,"minecraft:fall_one_cm":3589},"minecraft:killed":{"minecraft:pig":6,"minecraft:cow":7},"minecraft:crafted":{"minecraft:oak_planks":20,"minecraft:charcoal":2,"minecraft:cooked_porkchop":2,"minecraft:crafting_table":2,"minecraft:stick":12,"minecraft:wooden_pickaxe":1,"minecraft:stone_pickaxe":1,"minecraft:stone_sword":1,"minecraft:furnace":1,"minecraft:stone_axe":2,"minecraft:air":0}},"DataVersion":3953}