{"stats":{"minecraft:used":{"minecraft:wooden_sword":15,"minecraft:wooden_pickaxe":8},"minecraft:picked_up":{"minecraft:wooden_sword":2,"minecraft:birch_log":3,"minecraft:stick":16,"minecraft:apple":1,"minecraft:dandelion":1,"minecraft:wooden_pickaxe":2,"minecraft:oak_log":44,"minecraft:poppy":1,"minecraft:oak_sapling":2,"minecraft:birch_sapling":1},"minecraft:mined":{"minecraft:poppy":1,"minecraft:short_grass":2,"minecraft:oak_log":6,"minecraft:birch_log":3,"minecraft:dandelion":1,"minecraft:oak_leaves":1},"minecraft:killed_by":{"minecraft:player":4},"minecraft:custom":{"minecraft:time_since_rest":2061,"minecraft:crouch_one_cm":50,"minecraft:walk_one_cm":35757,"minecraft:play_time":9144,"minecraft:sprint_one_cm":6279,"minecraft:damage_taken":1089,"minecraft:deaths":4,"minecraft:walk_under_water_one_cm":202,"minecraft:sneak_time":5,"minecraft:jump":72,"minecraft:damage_dealt":310,"minecraft:leave_game":1,"minecraft:walk_on_water_one_cm":355,"minecraft:time_since_death":2026,"minecraft:total_world_time":9144,"minecraft:interact_with_crafting_table":2,"minecraft:fall_one_cm":267,"minecraft:fly_one_cm":1449,"minecraft:player_kills":1},"minecraft:crafted":{"minecraft:wooden_sword":1,"minecraft:oak_planks":24,"minecraft:birch_planks":12,"minecraft:stick":12,"minecraft:wooden_pickaxe":2}},"DataVersion":3953}