{"stats":{"minecraft:used":{"minecraft:wooden_sword":15,"minecraft:wooden_pickaxe":21},"minecraft:picked_up":{"minecraft:birch_log":3,"minecraft:wooden_sword":2,"minecraft:stick":16,"minecraft:apple":1,"minecraft:wooden_pickaxe":2,"minecraft:dandelion":1,"minecraft:oak_log":44,"minecraft:poppy":1,"minecraft:oak_sapling":2,"minecraft:coal":1,"minecraft:birch_sapling":1,"minecraft:cobblestone":12},"minecraft:mined":{"minecraft:short_grass":2,"minecraft:oak_log":6,"minecraft:poppy":1,"minecraft:birch_log":3,"minecraft:stone":12,"minecraft:dandelion":1,"minecraft:oak_leaves":1,"minecraft:coal_ore":1},"minecraft:killed_by":{"minecraft:player":4},"minecraft:custom":{"minecraft:damage_taken":1089,"minecraft:time_since_rest":2771,"minecraft:play_time":9854,"minecraft:crouch_one_cm":50,"minecraft:walk_one_cm":37018,"minecraft:sprint_one_cm":6279,"minecraft:deaths":4,"minecraft:sneak_time":5,"minecraft:walk_under_water_one_cm":202,"minecraft:jump":72,"minecraft:damage_dealt":310,"minecraft:leave_game":2,"minecraft:time_since_death":2736,"minecraft:walk_on_water_one_cm":355,"minecraft:total_world_time":9854,"minecraft:interact_with_crafting_table":2,"minecraft:fall_one_cm":267,"minecraft:fly_one_cm":1449,"minecraft:player_kills":1},"minecraft:crafted":{"minecraft:wooden_sword":1,"minecraft:oak_planks":24,"minecraft:birch_planks":12,"minecraft:stick":12,"minecraft:wooden_pickaxe":2}},"DataVersion":3953}